Zone,Population,Number of cases,Percentage of  Population infected,Cases less than 15 years,Cases between 15 to 60 yrs,Cases above 60 years,Cases with diabetes,Cases with respiratory disorders,Cases with abnormal BP,Cases with multiple comorbidities,Number of deaths,Death Percentage,Death witn single comorbidity,Death with multiple comorbidities,Deaths without comorbidities,Death less than 15 years,Deaths between 15 to 60 years,Deaths above 60 years,Percentage of cases with Diabetes,Percentage of cases with  respiratory disorders,Percentage of cases with abnormal BP
1,326,0,0.0,0,0,0,0,0,0,0,0,0,0,0,0,0,0,0,0,0,0
2,855,0,0.0,0,0,0,0,0,0,0,0,0,0,0,0,0,0,0,0,0,0
3,1656,0,0.0,0,0,0,0,0,0,0,0,0,0,0,0,0,0,0,0,0,0
4,2596,0,0.0,0,0,0,0,0,0,0,0,0,0,0,0,0,0,0,0,0,0
5,3290,0,0.0,0,0,0,0,0,0,0,0,0,0,0,0,0,0,0,0,0,0
6,3508,62,1.77,4,47,11,34,17,18,26,3,4.84,5,2,0,0,2,1,54.84,27.42,29.03
7,3267,370,11.33,33,277,60,213,99,103,183,9,2.43,14,8,1,1,4,4,57.57,26.76,27.84
8,2777,473,17.03,50,335,88,241,112,143,222,10,2.11,13,5,2,0,5,5,50.95,23.68,30.23
9,2196,142,6.47,10,108,24,78,37,46,72,0,0.0,0,0,0,0,0,0,54.93,26.06,32.39
10,1644,39,2.37,2,30,7,19,12,13,15,0,0.0,0,0,0,0,0,0,48.72,30.77,33.33
11,1309,0,0.0,0,0,0,0,0,0,0,0,0,0,0,0,0,0,0,0,0,0
12,1338,0,0.0,0,0,0,0,0,0,0,0,0,0,0,0,0,0,0,0,0,0
13,1757,6,0.34,1,4,1,2,3,1,1,0,0.0,0,0,0,0,0,0,33.33,50.0,16.67
14,2404,0,0.0,0,0,0,0,0,0,0,0,0,0,0,0,0,0,0,0,0,0
15,3101,0,0.0,0,0,0,0,0,0,0,0,0,0,0,0,0,0,0,0,0,0
16,3706,0,0.0,0,0,0,0,0,0,0,0,0,0,0,0,0,0,0,0,0,0
17,4116,0,0.0,0,0,0,0,0,0,0,0,0,0,0,0,0,0,0,0,0,0
18,4071,273,6.71,26,205,42,141,69,96,144,5,1.83,6,2,1,0,2,3,51.65,25.27,35.16
19,3257,1439,44.18,126,1012,301,755,395,488,780,37,2.57,47,21,7,0,22,15,52.47,27.45,33.91
20,1785,1471,82.41,118,1064,289,790,396,455,795,41,2.79,57,26,6,3,26,12,53.7,26.92,30.93
21,649,0,0.0,0,0,0,0,0,0,0,0,0,0,0,0,0,0,0,0,0,0
22,1566,0,0.0,0,0,0,0,0,0,0,0,0,0,0,0,0,0,0,0,0,0
23,2880,0,0.0,0,0,0,0,0,0,0,0,0,0,0,0,0,0,0,0,0,0
24,4438,0,0.0,0,0,0,0,0,0,0,0,0,0,0,0,0,0,0,0,0,0
25,5798,100,1.72,12,75,13,48,29,30,49,5,5.0,13,14,0,0,2,3,48.0,29.0,30.0
26,6497,665,10.24,70,484,111,334,183,195,330,8,1.2,11,6,1,0,7,1,50.23,27.52,29.32
27,6524,431,6.61,33,310,88,233,113,117,216,9,2.09,15,10,0,0,5,4,54.06,26.22,27.15
28,5931,512,8.63,42,382,88,272,119,157,230,13,2.54,19,10,2,0,8,5,53.12,23.24,30.66
29,4850,747,15.4,65,562,120,389,197,227,388,22,2.95,35,24,3,0,13,9,52.07,26.37,30.39
30,3611,67,1.86,3,55,9,38,16,22,39,0,0.0,0,0,0,0,0,0,56.72,23.88,32.84
31,2699,0,0.0,0,0,0,0,0,0,0,0,0,0,0,0,0,0,0,0,0,0
32,2537,0,0.0,0,0,0,0,0,0,0,0,0,0,0,0,0,0,0,0,0,0
33,3179,0,0.0,0,0,0,0,0,0,0,0,0,0,0,0,0,0,0,0,0,0
34,4348,16,0.37,0,12,4,11,1,4,5,1,6.25,0,0,1,0,1,0,68.75,6.25,25.0
35,5565,326,5.86,31,234,61,172,79,97,161,6,1.84,9,6,1,0,4,2,52.76,24.23,29.75
36,6559,1117,17.03,88,821,208,594,272,377,571,29,2.6,42,27,4,4,12,13,53.18,24.35,33.75
37,7181,497,6.92,44,351,102,271,123,155,252,10,2.01,17,14,1,0,5,5,54.53,24.75,31.19
38,7075,966,13.65,84,704,178,472,262,291,481,29,3.0,37,22,8,2,16,11,48.86,27.12,30.12
39,5808,1759,30.29,149,1302,308,896,453,536,812,32,1.82,45,25,4,5,11,16,50.94,25.75,30.47
40,3266,1789,54.78,137,1323,329,948,459,550,839,36,2.01,44,26,10,3,17,16,52.99,25.66,30.74
41,945,0,0.0,0,0,0,0,0,0,0,0,0,0,0,0,0,0,0,0,0,0
42,2077,0,0.0,0,0,0,0,0,0,0,0,0,0,0,0,0,0,0,0,0,0
43,3545,0,0.0,0,0,0,0,0,0,0,0,0,0,0,0,0,0,0,0,0,0
44,5340,0,0.0,0,0,0,0,0,0,0,0,0,0,0,0,0,0,0,0,0,0
45,7154,0,0.0,0,0,0,0,0,0,0,0,0,0,0,0,0,0,0,0,0,0
46,8674,197,2.27,17,146,34,99,50,52,90,5,2.54,6,5,2,0,4,1,50.25,25.38,26.4
47,9524,1206,12.66,113,892,201,619,312,369,593,22,1.82,27,13,6,1,13,8,51.33,25.87,30.6
48,9321,1269,13.61,118,938,213,647,309,423,667,27,2.13,33,16,6,1,19,7,50.99,24.35,33.33
49,7955,339,4.26,34,240,65,176,90,104,169,6,1.77,9,4,1,1,4,1,51.92,26.55,30.68
50,5934,1073,18.08,92,783,198,548,274,315,518,32,2.98,42,22,6,1,18,13,51.07,25.54,29.36
51,4240,710,16.75,57,522,131,375,171,227,336,14,1.97,23,17,2,1,8,5,52.82,24.08,31.97
52,3586,0,0.0,0,0,0,0,0,0,0,0,0,0,0,0,0,0,0,0,0,0
53,4099,0,0.0,0,0,0,0,0,0,0,0,0,0,0,0,0,0,0,0,0,0
54,5375,0,0.0,0,0,0,0,0,0,0,0,0,0,0,0,0,0,0,0,0,0
55,6833,100,1.46,9,75,16,47,23,23,37,1,1.0,1,0,0,0,1,0,47.0,23.0,23.0
56,7996,1670,20.89,153,1217,300,913,434,512,863,45,2.69,73,52,8,0,23,22,54.67,25.99,30.66
57,8780,4096,46.65,370,2977,749,2103,1090,1340,2157,99,2.42,137,74,16,8,56,35,51.34,26.61,32.71
58,8822,1873,21.23,157,1350,366,976,493,561,964,50,2.67,75,42,5,4,24,22,52.11,26.32,29.95
59,7409,937,12.65,71,677,189,491,250,305,497,21,2.24,31,22,4,2,10,9,52.4,26.68,32.55
60,4288,645,15.04,54,462,129,344,175,223,385,32,4.96,48,32,8,2,17,13,53.33,27.13,34.57
61,1272,2,0.16,0,2,0,0,0,1,0,0,0.0,0,0,0,0,0,0,0.0,0.0,50.0
62,2581,0,0.0,0,0,0,0,0,0,0,0,0,0,0,0,0,0,0,0,0,0
63,4041,0,0.0,0,0,0,0,0,0,0,0,0,0,0,0,0,0,0,0,0,0
64,5805,0,0.0,0,0,0,0,0,0,0,0,0,0,0,0,0,0,0,0,0,0
65,7890,0,0.0,0,0,0,0,0,0,0,0,0,0,0,0,0,0,0,0,0,0
66,10087,0,0.0,0,0,0,0,0,0,0,0,0,0,0,0,0,0,0,0,0,0
67,11872,502,4.23,53,366,83,274,145,154,265,14,2.79,27,22,1,1,5,8,54.58,28.88,30.68
68,12333,1227,9.95,107,866,254,599,329,401,662,28,2.28,42,31,5,1,18,9,48.82,26.81,32.68
69,10973,763,6.95,62,564,137,411,177,235,358,17,2.23,23,13,3,0,11,6,53.87,23.2,30.8
70,8474,398,4.7,32,289,77,213,118,121,200,11,2.76,20,12,1,1,4,6,53.52,29.65,30.4
71,6101,450,7.38,33,334,83,236,111,137,229,7,1.56,10,9,2,0,4,3,52.44,24.67,30.44
72,4784,180,3.76,20,122,38,85,49,45,74,6,3.33,7,5,2,1,2,3,47.22,27.22,25.0
73,4720,34,0.72,2,25,7,22,7,13,22,1,2.94,0,0,1,0,1,0,64.71,20.59,38.24
74,5576,0,0.0,0,0,0,0,0,0,0,0,0,0,0,0,0,0,0,0,0,0
75,6812,0,0.0,0,0,0,0,0,0,0,0,0,0,0,0,0,0,0,0,0,0
76,8129,432,5.31,31,331,70,230,102,115,183,9,2.08,16,11,0,1,4,4,53.24,23.61,26.62
77,9212,2858,31.02,238,2102,518,1474,766,898,1441,60,2.1,86,57,13,4,33,23,51.57,26.8,31.42
78,9526,5047,52.98,468,3633,946,2583,1355,1557,2567,110,2.18,146,77,21,11,55,44,51.18,26.85,30.85
79,8193,2734,33.37,246,1972,516,1378,725,846,1313,61,2.23,77,36,12,1,35,25,50.4,26.52,30.94
80,4765,996,20.9,92,708,196,523,265,327,526,18,1.81,24,14,4,2,8,8,52.51,26.61,32.83
81,1748,13,0.74,0,10,3,8,3,1,6,0,0.0,0,0,0,0,0,0,61.54,23.08,7.69
82,3365,0,0.0,0,0,0,0,0,0,0,0,0,0,0,0,0,0,0,0,0,0
83,4926,0,0.0,0,0,0,0,0,0,0,0,0,0,0,0,0,0,0,0,0,0
84,6645,0,0.0,0,0,0,0,0,0,0,0,0,0,0,0,0,0,0,0,0,0
85,8676,0,0.0,0,0,0,0,0,0,0,0,0,0,0,0,0,0,0,0,0,0
86,10981,0,0.0,0,0,0,0,0,0,0,0,0,0,0,0,0,0,0,0,0,0
87,13117,0,0.0,0,0,0,0,0,0,0,0,0,0,0,0,0,0,0,0,0,0
88,14108,477,3.38,39,351,87,243,125,154,240,9,1.89,16,13,0,2,4,3,50.94,26.21,32.29
89,13267,1800,13.57,167,1296,337,907,457,584,859,44,2.44,60,36,10,2,28,14,50.39,25.39,32.44
90,10998,2187,19.89,195,1574,418,1129,582,667,1063,65,2.97,87,55,17,4,34,27,51.62,26.61,30.5
91,8462,2890,34.15,252,2048,590,1474,782,925,1508,65,2.25,90,44,9,4,33,28,51.0,27.06,32.01
92,6545,907,13.86,94,635,178,476,250,300,490,24,2.65,40,26,2,2,9,13,52.48,27.56,33.08
93,5602,266,4.75,29,191,46,130,62,75,130,3,1.13,8,9,0,0,0,3,48.87,23.31,28.2
94,5538,786,14.19,68,583,135,402,195,254,411,21,2.67,31,21,3,1,13,7,51.15,24.81,32.32
95,6240,44,0.71,5,30,9,22,10,19,26,2,4.55,1,0,1,0,2,0,50.0,22.73,43.18
96,7501,71,0.95,8,47,16,34,19,20,37,1,1.41,3,4,0,0,0,1,47.89,26.76,28.17
97,8871,867,9.77,72,625,170,437,237,274,437,23,2.65,37,21,3,0,10,13,50.4,27.34,31.6
98,9388,1794,19.11,148,1302,344,934,462,545,900,53,2.95,73,41,11,1,32,20,52.06,25.75,30.38
99,8080,3833,47.44,349,2748,736,2022,982,1225,1963,98,2.56,138,84,20,4,51,43,52.75,25.62,31.96
100,4686,3662,78.15,323,2627,712,1907,991,1145,1905,100,2.73,143,88,17,4,59,37,52.08,27.06,31.27
101,2498,0,0.0,0,0,0,0,0,0,0,0,0,0,0,0,0,0,0,0,0,0
102,4695,34,0.72,3,23,8,14,10,15,19,0,0.0,0,0,0,0,0,0,41.18,29.41,44.12
103,6544,0,0.0,0,0,0,0,0,0,0,0,0,0,0,0,0,0,0,0,0,0
104,8202,0,0.0,0,0,0,0,0,0,0,0,0,0,0,0,0,0,0,0,0,0
105,9753,0,0.0,0,0,0,0,0,0,0,0,0,0,0,0,0,0,0,0,0,0
106,11411,0,0.0,0,0,0,0,0,0,0,0,0,0,0,0,0,0,0,0,0,0
107,13100,36,0.27,3,28,5,23,12,8,25,0,0.0,0,0,0,0,0,0,63.89,33.33,22.22
108,14351,173,1.21,13,128,32,89,42,55,82,2,1.16,4,4,0,0,0,2,51.45,24.28,31.79
109,14443,1660,11.49,167,1173,320,880,439,501,800,44,2.65,62,33,7,0,28,16,53.01,26.45,30.18
110,13227,2647,20.01,250,1907,490,1333,687,817,1296,56,2.12,73,46,13,2,31,23,50.36,25.95,30.87
111,11211,5279,47.09,456,3857,966,2759,1355,1674,2717,130,2.46,193,111,22,4,70,56,52.26,25.67,31.71
112,9028,5675,62.86,498,4088,1089,2920,1485,1775,2868,142,2.5,188,115,29,7,82,53,51.45,26.17,31.28
113,7144,2964,41.49,251,2138,575,1517,769,920,1491,75,2.53,108,68,11,3,45,27,51.18,25.94,31.04
114,5978,1225,20.49,122,837,266,655,360,387,717,36,2.94,59,36,3,0,19,17,53.47,29.39,31.59
115,5865,3483,59.39,317,2511,655,1825,920,1120,1808,78,2.24,111,64,13,8,40,30,52.4,26.41,32.16
116,6774,1744,25.75,148,1258,338,920,443,544,905,34,1.95,56,37,3,0,20,14,52.75,25.4,31.19
117,8043,560,6.96,36,414,110,304,148,178,302,19,3.39,28,19,4,0,9,10,54.29,26.43,31.79
118,8543,1512,17.7,132,1091,289,775,402,484,788,40,2.65,64,57,9,0,23,17,51.26,26.59,32.01
119,7244,2616,36.11,245,1879,492,1341,686,837,1361,54,2.06,79,50,7,3,33,18,51.26,26.22,32.0
120,4146,2377,57.33,187,1745,445,1216,630,729,1233,86,3.62,142,104,12,4,42,40,51.16,26.5,30.67
121,3565,17,0.48,1,13,3,9,3,7,6,0,0.0,0,0,0,0,0,0,52.94,17.65,41.18
122,6614,0,0.0,0,0,0,0,0,0,0,0,0,0,0,0,0,0,0,0,0,0
123,8845,44,0.5,3,33,8,23,12,12,20,1,2.27,0,0,1,0,1,0,52.27,27.27,27.27
124,10184,95,0.93,5,76,14,57,21,31,50,2,2.11,3,1,0,0,2,0,60.0,22.11,32.63
125,10857,100,0.92,6,75,19,56,29,24,39,2,2.0,4,4,0,0,2,0,56.0,29.0,24.0
126,11287,155,1.37,14,108,33,79,41,56,81,4,2.58,2,0,2,0,4,0,50.97,26.45,36.13
127,12106,1438,11.88,122,1066,250,718,388,432,670,36,2.5,40,15,9,1,24,11,49.93,26.98,30.04
128,13349,439,3.29,39,318,82,242,121,118,207,9,2.05,13,5,1,0,3,6,55.13,27.56,26.88
129,14458,754,5.22,64,542,148,403,204,241,393,12,1.59,13,6,3,0,9,3,53.45,27.06,31.96
130,14667,2619,17.86,246,1900,473,1327,657,804,1208,54,2.06,66,33,13,6,30,18,50.67,25.09,30.7
131,13711,2741,19.99,257,1971,513,1430,727,913,1502,63,2.3,91,56,12,1,36,26,52.17,26.52,33.31
132,11667,6511,55.81,576,4691,1244,3448,1718,2005,3376,142,2.18,204,134,28,6,75,61,52.96,26.39,30.79
133,9112,6646,72.94,602,4786,1258,3414,1766,2132,3407,144,2.17,212,135,25,6,75,63,51.37,26.57,32.08
134,6985,6076,86.99,547,4359,1170,3164,1633,1930,3172,148,2.44,209,119,24,6,86,56,52.07,26.88,31.76
135,6078,7206,118.56,650,5211,1345,3714,1922,2291,3697,184,2.55,271,150,27,15,92,77,51.54,26.67,31.79
136,6395,5212,81.5,454,3770,988,2729,1385,1678,2658,132,2.53,200,117,17,7,64,61,52.36,26.57,32.19
137,7204,1507,20.92,136,1079,292,799,395,463,750,42,2.79,63,38,5,2,21,19,53.02,26.21,30.72
138,7379,305,4.13,32,216,57,154,74,87,129,8,2.62,8,2,2,0,8,0,50.49,24.26,28.52
139,6166,751,12.18,67,544,140,392,198,247,438,24,3.2,30,18,8,1,17,6,52.2,26.36,32.89
140,3477,2490,71.61,228,1769,493,1286,690,804,1324,62,2.49,89,58,13,3,33,26,51.65,27.71,32.29
141,4812,6,0.12,1,4,1,3,1,3,3,0,0.0,0,0,0,0,0,0,50.0,16.67,50.0
142,8875,8,0.09,1,6,1,5,5,3,7,1,12.5,3,4,0,0,1,0,62.5,62.5,37.5
143,11420,95,0.83,8,68,19,53,24,32,50,1,1.05,2,1,0,0,1,0,55.79,25.26,33.68
144,12204,164,1.34,12,130,22,83,30,60,88,5,3.05,10,9,0,0,4,1,50.61,18.29,36.59
145,11628,203,1.75,14,156,33,108,55,70,114,4,1.97,5,1,0,0,3,1,53.2,27.09,34.48
146,10811,1439,13.31,124,1047,268,736,362,469,705,37,2.57,54,33,6,1,20,16,51.15,25.16,32.59
147,10730,1770,16.5,149,1329,292,906,428,551,876,38,2.15,66,49,3,2,17,19,51.19,24.18,31.13
148,11796,4615,39.12,373,3397,845,2418,1202,1481,2433,96,2.08,131,84,21,5,52,39,52.39,26.05,32.09
149,13526,1191,8.81,119,832,240,615,354,385,652,37,3.11,50,26,7,1,19,17,51.64,29.72,32.33
150,14975,1169,7.81,111,845,213,631,298,345,534,26,2.22,29,11,6,4,15,7,53.98,25.49,29.51
151,15098,2634,17.45,225,1909,500,1370,712,811,1424,62,2.35,93,62,11,4,36,22,52.01,27.03,30.79
152,13458,7080,52.61,653,5154,1273,3668,1871,2240,3557,158,2.23,223,120,27,8,88,62,51.81,26.43,31.64
153,10653,10053,94.37,888,7301,1864,5192,2594,3204,5083,267,2.66,394,249,46,17,149,101,51.65,25.8,31.87
154,8093,3673,45.38,347,2598,728,1935,986,1168,1885,105,2.86,159,110,18,11,51,43,52.68,26.84,31.8
155,6718,1465,21.81,117,1054,294,768,388,462,800,33,2.25,57,42,4,1,17,15,52.42,26.48,31.54
156,6528,1452,22.24,134,1063,255,756,358,463,679,25,1.72,44,36,3,0,14,11,52.07,24.66,31.89
157,6734,1129,16.77,97,816,216,575,296,374,557,24,2.13,33,18,5,1,13,10,50.93,26.22,33.13
158,6541,775,11.85,60,551,164,413,214,243,416,15,1.94,24,9,0,1,9,5,53.29,27.61,31.35
159,5355,409,7.64,39,286,84,216,108,133,241,8,1.96,9,6,3,1,5,2,52.81,26.41,32.52
160,3042,655,21.53,53,458,144,346,178,207,348,17,2.6,20,10,5,1,12,4,52.82,27.18,31.6
161,5944,0,0.0,0,0,0,0,0,0,0,0,0,0,0,0,0,0,0,0,0,0
162,10863,0,0.0,0,0,0,0,0,0,0,0,0,0,0,0,0,0,0,0,0,0
163,13632,113,0.83,8,88,17,57,26,35,52,2,1.77,4,4,0,0,0,2,50.44,23.01,30.97
164,13771,719,5.22,59,510,150,364,189,241,378,13,1.81,21,11,1,0,5,8,50.63,26.29,33.52
165,12190,677,5.55,65,485,127,363,176,232,379,24,3.55,39,35,4,0,12,12,53.62,26.0,34.27
166,10410,258,2.48,25,188,45,140,65,79,124,6,2.33,9,5,0,1,2,3,54.26,25.19,30.62
167,9681,1601,16.54,139,1159,303,821,398,526,776,46,2.87,60,38,10,2,29,15,51.28,24.86,32.85
168,10444,1225,11.73,111,880,234,640,326,343,571,38,3.1,40,21,11,4,23,11,52.24,26.61,28.0
169,12382,5915,47.77,486,4293,1136,3073,1572,1872,3025,138,2.33,185,107,30,7,80,51,51.95,26.58,31.65
170,14407,3808,26.43,351,2744,713,1991,1050,1195,1976,91,2.39,152,102,7,5,51,35,52.28,27.57,31.38
171,15147,560,3.7,43,386,131,299,153,184,304,8,1.43,13,7,0,0,5,3,53.39,27.32,32.86
172,13849,669,4.83,71,470,128,349,184,237,349,26,3.89,32,20,6,2,14,10,52.17,27.5,35.43
173,11196,3819,34.11,318,2794,707,1951,999,1201,1989,90,2.36,133,101,20,5,55,30,51.09,26.16,31.45
174,8666,4690,54.12,427,3372,891,2410,1228,1472,2387,102,2.17,149,102,21,4,55,43,51.39,26.18,31.39
175,7292,4174,57.24,383,3034,757,2133,1084,1303,2027,93,2.23,146,95,14,6,48,39,51.1,25.97,31.22
176,6847,4347,63.49,376,3183,788,2232,1120,1351,2147,90,2.07,119,73,20,4,53,33,51.35,25.76,31.08
177,6642,3925,59.09,321,2849,755,2044,1044,1285,2100,77,1.96,111,72,12,2,45,30,52.08,26.6,32.74
178,6124,999,16.31,86,722,191,526,257,309,511,18,1.8,30,20,2,0,9,9,52.65,25.73,30.93
179,5000,1259,25.18,117,900,242,640,311,389,625,31,2.46,53,39,3,0,17,14,50.83,24.7,30.9
180,2885,406,14.07,41,300,65,190,106,114,180,12,2.96,15,11,4,0,7,5,46.8,26.11,28.08
181,6662,0,0.0,0,0,0,0,0,0,0,0,0,0,0,0,0,0,0,0,0,0
182,12003,0,0.0,0,0,0,0,0,0,0,0,0,0,0,0,0,0,0,0,0,0
183,14749,168,1.14,12,132,24,79,34,55,67,3,1.79,2,1,2,0,1,2,47.02,20.24,32.74
184,14590,586,4.02,61,425,100,297,158,151,270,10,1.71,15,9,2,0,7,3,50.68,26.96,25.77
185,12603,3191,25.32,310,2275,606,1645,862,991,1641,71,2.23,99,65,17,4,39,28,51.55,27.01,31.06
186,10469,3919,37.43,356,2770,793,2067,1088,1245,2100,92,2.35,125,82,23,5,43,44,52.74,27.76,31.77
187,9387,1273,13.56,116,946,211,638,319,372,580,24,1.89,46,37,3,0,6,18,50.12,25.06,29.22
188,9812,647,6.59,55,494,98,315,152,203,291,20,3.09,23,7,4,2,13,5,48.69,23.49,31.38
189,11552,888,7.69,78,654,156,442,241,255,455,21,2.36,28,13,4,0,13,8,49.77,27.14,28.72
190,13591,1238,9.11,98,900,240,674,327,376,644,33,2.67,49,34,6,2,14,17,54.44,26.41,30.37
191,14426,3208,22.24,289,2318,601,1653,828,984,1510,82,2.56,129,81,10,4,43,35,51.53,25.81,30.67
192,13239,820,6.19,71,578,171,423,213,267,429,14,1.71,24,20,2,0,9,5,51.59,25.98,32.56
193,10695,341,3.19,31,249,61,185,94,106,184,8,2.35,11,9,2,0,5,3,54.25,27.57,31.09
194,8383,3134,37.39,273,2236,625,1641,848,1001,1677,75,2.39,102,58,15,6,38,31,52.36,27.06,31.94
195,7142,5849,81.9,545,4214,1090,3007,1495,1821,2941,131,2.24,190,126,25,9,69,53,51.41,25.56,31.13
196,6717,4341,64.63,385,3100,856,2265,1172,1304,2195,90,2.07,128,65,13,2,52,36,52.18,27.0,30.04
197,6321,4790,75.78,425,3474,891,2452,1239,1452,2346,111,2.32,154,93,22,6,60,45,51.19,25.87,30.31
198,5715,3171,55.49,261,2246,664,1636,860,1040,1713,70,2.21,104,66,8,2,32,36,51.59,27.12,32.8
199,4656,779,16.73,69,574,136,402,195,235,373,10,1.28,15,6,1,1,7,2,51.6,25.03,30.17
200,2750,1113,40.47,105,801,207,584,291,358,586,19,1.71,29,21,3,0,10,9,52.47,26.15,32.17
201,6836,0,0.0,0,0,0,0,0,0,0,0,0,0,0,0,0,0,0,0,0,0
202,12040,0,0.0,0,0,0,0,0,0,0,0,0,0,0,0,0,0,0,0,0,0
203,14525,86,0.59,5,53,28,52,27,18,53,0,0.0,0,0,0,0,0,0,60.47,31.4,20.93
204,14354,1401,9.76,121,1022,258,753,351,444,711,46,3.28,60,27,9,3,27,16,53.75,25.05,31.69
205,12591,2153,17.1,197,1526,430,1122,563,709,1171,45,2.09,71,51,7,1,21,23,52.11,26.15,32.93
206,10654,5989,56.21,553,4297,1139,3140,1576,1853,3068,151,2.52,230,131,20,4,74,73,52.43,26.31,30.94
207,9525,8537,89.63,740,6201,1596,4465,2294,2688,4531,187,2.19,238,127,46,12,104,71,52.3,26.87,31.49
208,9633,5468,56.76,495,3904,1069,2830,1429,1740,2844,119,2.18,176,119,24,6,66,47,51.76,26.13,31.82
209,10913,3778,34.62,313,2692,773,1968,978,1168,1921,99,2.62,139,91,19,6,52,41,52.09,25.89,30.92
210,12611,1156,9.17,99,835,222,611,294,372,611,29,2.51,33,18,8,2,17,10,52.85,25.43,32.18
211,13263,805,6.07,60,596,149,402,203,253,389,25,3.11,38,21,2,3,12,10,49.94,25.22,31.43
212,11954,1341,11.22,118,958,265,712,368,427,695,33,2.46,55,46,6,2,12,19,53.09,27.44,31.84
213,9442,1306,13.83,135,945,226,655,312,419,584,32,2.45,54,39,3,3,15,14,50.15,23.89,32.08
214,7220,1524,21.11,147,1101,276,778,396,466,747,27,1.77,30,14,7,3,14,10,51.05,25.98,30.58
215,6079,690,11.35,74,481,135,358,197,216,385,12,1.74,19,12,1,0,6,6,51.88,28.55,31.3
216,5649,2029,35.92,187,1454,388,1064,540,662,1057,40,1.97,49,27,10,2,24,14,52.44,26.61,32.63
217,5372,329,6.12,28,238,63,188,79,103,163,9,2.74,8,3,4,1,5,3,57.14,24.01,31.31
218,4894,78,1.59,4,56,18,44,25,22,43,4,5.13,7,3,0,0,2,2,56.41,32.05,28.21
219,4026,1405,34.9,114,1013,278,765,392,440,759,33,2.35,45,30,8,3,17,13,54.45,27.9,31.32
220,2364,486,20.56,40,330,116,260,137,153,270,16,3.29,24,15,3,0,8,8,53.5,28.19,31.48
221,6488,100,1.54,6,71,23,51,24,32,48,1,1.0,0,0,1,0,1,0,51.0,24.0,32.0
222,11094,0,0.0,0,0,0,0,0,0,0,0,0,0,0,0,0,0,0,0,0,0
223,13142,1052,8.0,96,755,201,534,287,333,573,21,2.0,32,17,2,0,13,8,50.76,27.28,31.65
224,13034,654,5.02,53,460,141,345,169,213,341,15,2.29,25,23,3,1,9,5,52.75,25.84,32.57
225,11715,1329,11.34,107,951,271,706,341,440,692,26,1.96,41,25,2,0,13,13,53.12,25.66,33.11
226,10260,1082,10.55,86,799,197,567,286,320,534,20,1.85,29,24,5,1,8,11,52.4,26.43,29.57
227,9314,6685,71.77,616,4782,1287,3467,1848,2058,3457,156,2.33,230,153,29,9,79,68,51.86,27.64,30.79
228,9108,5477,60.13,481,4005,991,2862,1378,1739,2715,118,2.15,161,95,26,7,65,46,52.25,25.16,31.75
229,9827,7009,71.32,638,5054,1317,3642,1839,2160,3486,169,2.41,236,142,31,9,92,68,51.96,26.24,30.82
230,10959,1641,14.97,151,1180,310,853,459,538,880,32,1.95,46,28,6,4,14,14,51.98,27.97,32.78
231,11272,1434,12.72,124,1044,266,729,373,480,721,28,1.95,42,30,6,0,15,13,50.84,26.01,33.47
232,9942,1371,13.79,107,1011,253,724,339,429,691,35,2.55,44,18,7,1,22,12,52.81,24.73,31.29
233,7608,1769,23.25,169,1247,353,895,469,565,950,33,1.87,56,32,1,0,18,15,50.59,26.51,31.94
234,5534,1253,22.64,126,908,219,610,326,366,564,39,3.11,53,31,7,0,24,15,48.68,26.02,29.21
235,4419,1060,23.99,96,788,176,540,251,335,474,29,2.74,42,26,5,1,13,15,50.94,23.68,31.6
236,4069,218,5.36,18,167,33,104,53,78,107,8,3.67,9,8,3,2,3,3,47.71,24.31,35.78
237,4016,822,20.47,76,604,142,417,205,290,410,19,2.31,25,13,3,3,7,9,50.73,24.94,35.28
238,3896,88,2.26,10,64,14,49,20,25,48,5,5.68,8,6,1,1,2,2,55.68,22.73,28.41
239,3319,7,0.21,1,5,1,2,1,1,1,0,0.0,0,0,0,0,0,0,28.57,14.29,14.29
240,1979,273,13.79,17,203,53,153,66,99,156,4,1.47,6,2,0,0,3,1,56.04,24.18,36.26
241,5688,0,0.0,0,0,0,0,0,0,0,0,0,0,0,0,0,0,0,0,0,0
242,9562,473,4.95,30,347,96,254,119,159,247,8,1.69,15,11,0,0,5,3,53.7,25.16,33.62
243,11091,267,2.41,20,199,48,137,79,79,138,7,2.62,5,0,2,1,5,1,51.31,29.59,29.59
244,10986,1867,16.99,150,1362,355,961,488,573,935,43,2.3,56,31,8,3,21,19,51.47,26.14,30.69
245,10161,2031,19.99,174,1453,404,1035,538,636,1047,48,2.36,65,31,10,1,26,21,50.96,26.49,31.31
246,9187,1610,17.52,135,1172,303,840,421,465,788,40,2.48,72,41,1,2,18,20,52.17,26.15,28.88
247,8361,691,8.26,54,491,146,361,193,239,387,16,2.32,23,22,5,2,8,6,52.24,27.93,34.59
248,7951,7760,97.6,669,5605,1486,4067,2045,2466,4041,161,2.07,202,113,40,6,95,60,52.41,26.35,31.78
249,8080,4510,55.82,412,3240,858,2344,1198,1418,2328,111,2.46,146,86,25,10,70,31,51.97,26.56,31.44
250,8539,1874,21.95,160,1359,355,956,479,565,911,33,1.76,56,31,2,1,12,20,51.01,25.56,30.15
251,8485,1056,12.45,106,744,206,542,307,338,573,25,2.37,36,24,5,2,11,12,51.33,29.07,32.01
252,7370,978,13.27,86,695,197,505,248,282,469,28,2.86,41,21,2,2,11,15,51.64,25.36,28.83
253,5516,399,7.23,26,295,78,214,106,124,192,8,2.01,11,4,1,0,4,4,53.63,26.57,31.08
254,3832,1761,45.96,147,1288,326,920,459,567,967,48,2.73,65,40,11,1,24,23,52.24,26.06,32.2
255,2885,1705,59.1,142,1243,320,885,421,535,828,43,2.52,63,34,6,0,27,16,51.91,24.69,31.38
256,2683,947,35.3,82,708,157,510,244,303,453,17,1.8,26,18,3,0,11,6,53.85,25.77,32.0
257,2948,128,4.34,7,90,31,65,38,39,77,2,1.56,5,5,0,0,0,2,50.78,29.69,30.47
258,3282,547,16.67,46,398,103,303,146,190,327,14,2.56,15,5,4,0,9,5,55.39,26.69,34.73
259,3104,0,0.0,0,0,0,0,0,0,0,0,0,0,0,0,0,0,0,0,0,0
260,1950,0,0.0,0,0,0,0,0,0,0,0,0,0,0,0,0,0,0,0,0,0
261,4762,100,2.1,9,71,20,59,30,32,69,5,5.0,7,6,2,0,2,3,59.0,30.0,32.0
262,7906,166,2.1,17,111,38,94,52,52,85,2,1.2,3,1,0,1,0,1,56.63,31.33,31.33
263,9176,1554,16.94,135,1134,285,811,419,491,813,31,1.99,39,17,5,0,18,13,52.19,26.96,31.6
264,9280,1785,19.23,152,1322,311,898,433,591,872,48,2.69,69,42,7,3,24,21,50.31,24.26,33.11
265,8938,841,9.41,77,592,172,436,225,270,461,27,3.21,37,18,4,1,14,12,51.84,26.75,32.1
266,8360,1180,14.11,124,806,250,606,347,379,618,33,2.8,56,38,3,5,11,17,51.36,29.41,32.12
267,7602,1573,20.69,142,1143,288,816,405,470,741,40,2.54,48,23,7,2,28,10,51.88,25.75,29.88
268,6836,420,6.14,39,308,73,195,101,137,180,13,3.1,14,5,4,1,7,5,46.43,24.05,32.62
269,6372,4213,66.12,400,2985,828,2214,1155,1322,2280,90,2.14,131,74,11,3,47,40,52.55,27.42,31.38
270,6177,1909,30.9,165,1383,361,1000,536,588,1029,69,3.61,107,73,11,3,34,32,52.38,28.08,30.8
271,5886,2073,35.22,195,1484,394,1042,542,663,1067,54,2.6,71,49,16,4,28,22,50.27,26.15,31.98
272,5053,1496,29.61,147,1072,277,753,378,480,746,36,2.41,49,27,8,4,19,13,50.33,25.27,32.09
273,3815,1175,30.8,122,831,222,596,309,391,593,31,2.64,45,28,6,0,14,17,50.72,26.3,33.28
274,2625,739,28.15,74,532,133,381,184,224,358,24,3.25,29,14,5,3,15,6,51.56,24.9,30.31
275,1946,664,34.12,45,493,126,352,188,230,407,20,3.01,30,19,3,1,10,9,53.01,28.31,34.64
276,1953,1125,57.6,102,810,213,570,304,342,538,21,1.87,35,25,3,0,11,10,50.67,27.02,30.4
277,2553,622,24.36,44,465,113,319,165,185,299,16,2.57,23,15,4,1,7,8,51.29,26.53,29.74
278,3331,41,1.23,10,26,5,17,8,12,9,0,0.0,0,0,0,0,0,0,41.46,19.51,29.27
279,3531,221,6.26,20,166,35,107,60,64,116,10,4.52,17,12,1,0,8,2,48.42,27.15,28.96
280,2357,0,0.0,0,0,0,0,0,0,0,0,0,0,0,0,0,0,0,0,0,0
281,3970,0,0.0,0,0,0,0,0,0,0,0,0,0,0,0,0,0,0,0,0,0
282,6782,172,2.54,11,130,31,95,33,52,66,5,2.91,6,1,0,0,3,2,55.23,19.19,30.23
283,8227,642,7.8,70,463,109,316,179,182,312,22,3.43,29,21,6,2,13,7,49.22,27.88,28.35
284,8929,1612,18.05,137,1155,320,815,436,553,883,40,2.48,56,37,9,1,24,15,50.56,27.05,34.31
285,9252,222,2.4,19,161,42,106,48,76,112,6,2.7,8,4,0,0,3,3,47.75,21.62,34.23
286,9065,58,0.64,6,45,7,30,17,17,28,3,5.17,5,4,0,1,1,1,51.72,29.31,29.31
287,8175,1407,17.21,126,1008,273,734,353,463,758,30,2.13,47,38,5,1,17,12,52.17,25.09,32.91
288,6878,1229,17.87,105,901,223,622,313,385,632,22,1.79,40,32,2,0,9,13,50.61,25.47,31.33
289,5699,212,3.72,21,160,31,104,49,54,78,6,2.83,8,5,1,0,3,3,49.06,23.11,25.47
290,4988,2181,43.72,157,1621,403,1155,575,670,1080,60,2.75,78,45,13,5,30,25,52.96,26.36,30.72
291,4554,1340,29.42,122,940,278,675,382,433,720,39,2.91,61,33,3,1,18,20,50.37,28.51,32.31
292,3996,469,11.74,38,342,89,242,115,153,228,14,2.99,16,10,4,1,8,5,51.6,24.52,32.62
293,3168,1038,32.77,79,761,198,537,248,364,558,21,2.02,32,23,4,1,11,9,51.73,23.89,35.07
294,2296,870,37.89,80,647,143,428,206,257,383,19,2.18,29,14,2,1,9,9,49.2,23.68,29.54
295,1782,225,12.63,18,157,50,127,65,62,116,9,4.0,15,12,2,1,3,5,56.44,28.89,27.56
296,1934,234,12.1,18,169,47,118,65,67,124,8,3.42,14,13,1,0,5,3,50.43,27.78,28.63
297,2785,274,9.84,15,203,56,143,74,94,152,6,2.19,10,7,1,0,3,3,52.19,27.01,34.31
298,3890,200,5.14,17,141,42,90,48,65,90,3,1.5,4,2,1,0,3,0,45.0,24.0,32.5
299,4248,29,0.68,0,26,3,14,6,5,6,1,3.45,1,0,0,0,1,0,48.28,20.69,17.24
300,2915,100,3.43,10,79,11,39,25,37,43,1,1.0,3,4,0,0,0,1,39.0,25.0,37.0
301,3655,56,1.53,6,41,9,30,15,13,26,4,7.14,4,1,1,0,4,0,53.57,26.79,23.21
302,6528,135,2.07,15,92,28,67,31,33,51,3,2.22,2,0,1,0,2,1,49.63,22.96,24.44
303,8502,501,5.89,39,350,112,278,132,152,245,17,3.39,21,13,5,2,9,6,55.49,26.35,30.34
304,10007,1326,13.25,117,972,237,656,319,387,593,43,3.24,48,31,16,1,25,17,49.47,24.06,29.19
305,11154,1135,10.18,109,809,217,600,319,355,600,15,1.32,21,12,2,0,10,5,52.86,28.11,31.28
306,11364,614,5.4,67,442,105,325,166,197,309,11,1.79,17,13,1,0,5,6,52.93,27.04,32.08
307,10296,160,1.55,14,112,34,89,44,61,96,9,5.62,14,8,1,1,4,4,55.62,27.5,38.12
308,8307,1251,15.06,100,874,277,666,354,370,673,23,1.84,43,28,0,0,11,12,53.24,28.3,29.58
309,6448,1060,16.44,98,773,189,541,292,318,527,23,2.17,34,24,5,2,12,9,51.04,27.55,30.0
310,5343,793,14.84,73,573,147,409,213,260,426,26,3.28,34,15,5,2,12,12,51.58,26.86,32.79
311,4894,564,11.52,52,402,110,281,147,179,264,13,2.3,12,4,5,1,10,2,49.82,26.06,31.74
312,4528,703,15.53,65,508,130,346,187,240,371,19,2.7,30,21,2,0,14,5,49.22,26.6,34.14
313,3828,225,5.88,22,155,48,110,62,75,121,6,2.67,3,1,4,0,2,4,48.89,27.56,33.33
314,2928,68,2.32,6,47,15,39,20,20,36,2,2.94,4,2,0,0,0,2,57.35,29.41,29.41
315,2301,269,11.69,22,194,53,146,73,70,150,10,3.72,16,14,2,0,4,6,54.28,27.14,26.02
316,2426,37,1.53,2,31,4,20,12,13,17,1,2.7,2,1,0,0,1,0,54.05,32.43,35.14
317,3370,91,2.7,9,67,15,38,26,30,47,1,1.1,1,0,0,1,0,0,41.76,28.57,32.97
318,4586,20,0.44,2,17,1,14,7,4,8,2,10.0,2,0,0,1,1,0,70.0,35.0,20.0
319,4911,0,0.0,0,0,0,0,0,0,0,0,0,0,0,0,0,0,0,0,0,0
320,3275,0,0.0,0,0,0,0,0,0,0,0,0,0,0,0,0,0,0,0,0,0
321,3711,130,3.5,15,94,21,68,37,44,77,1,0.77,0,0,1,1,0,0,52.31,28.46,33.85
322,6791,564,8.31,56,402,106,296,136,168,272,10,1.77,12,10,4,0,6,4,52.48,24.11,29.79
323,9220,445,4.83,40,334,71,225,108,124,187,17,3.82,28,19,2,0,9,8,50.56,24.27,27.87
324,11360,492,4.33,45,348,99,254,122,155,253,11,2.24,13,7,3,0,7,4,51.63,24.8,31.5
325,13102,1649,12.59,138,1168,343,861,435,560,942,42,2.55,58,35,7,2,21,19,52.21,26.38,33.96
326,13742,1237,9.0,94,918,225,640,303,403,633,37,2.99,50,36,9,2,18,17,51.74,24.49,32.58
327,12542,1123,8.95,101,828,194,590,295,336,552,21,1.87,32,22,3,3,10,8,52.54,26.27,29.92
328,10221,88,0.86,9,60,19,49,29,31,43,3,3.41,6,3,0,0,1,2,55.68,32.95,35.23
329,7947,1331,16.75,105,966,260,729,393,415,756,33,2.48,44,21,4,1,26,6,54.77,29.53,31.18
330,6665,706,10.59,68,513,125,392,170,242,353,19,2.69,26,12,3,2,9,8,55.52,24.08,34.28
331,6295,234,3.72,29,160,45,119,64,75,132,3,1.28,4,2,1,1,1,1,50.85,27.35,32.05
332,6040,194,3.21,19,149,26,99,44,61,81,6,3.09,6,2,2,1,4,1,51.03,22.68,31.44
333,5327,76,1.43,9,53,14,34,19,29,44,0,0.0,0,0,0,0,0,0,44.74,25.0,38.16
334,4175,66,1.58,4,55,7,29,12,21,29,2,3.03,3,4,1,0,1,1,43.94,18.18,31.82
335,3240,0,0.0,0,0,0,0,0,0,0,0,0,0,0,0,0,0,0,0,0,0
336,3110,58,1.86,5,41,12,26,22,23,38,2,3.45,5,5,0,0,0,2,44.83,37.93,39.66
337,3935,0,0.0,0,0,0,0,0,0,0,0,0,0,0,0,0,0,0,0,0,0
338,5075,0,0.0,0,0,0,0,0,0,0,0,0,0,0,0,0,0,0,0,0,0
339,5217,146,2.8,9,107,30,73,37,47,87,2,1.37,0,0,2,0,1,1,50.0,25.34,32.19
340,3406,446,13.09,32,333,81,233,108,153,198,9,2.02,10,5,2,1,4,4,52.24,24.22,34.3
341,3562,509,14.29,45,359,105,280,139,160,282,15,2.95,22,8,1,0,9,6,55.01,27.31,31.43
342,6619,566,8.55,50,414,102,285,150,170,286,12,2.12,21,14,1,0,8,4,50.35,26.5,30.04
343,9059,692,7.64,66,495,131,365,182,210,356,18,2.6,28,19,3,1,11,6,52.75,26.3,30.35
344,11275,738,6.55,73,514,151,389,201,233,383,12,1.63,16,5,1,2,4,6,52.71,27.24,31.57
345,13183,645,4.89,50,448,147,351,189,212,355,12,1.86,15,7,2,1,7,4,54.42,29.3,32.87
346,13915,1155,8.3,110,813,232,592,326,385,606,30,2.6,40,15,3,4,16,10,51.26,28.23,33.33
347,13089,1067,8.15,93,750,224,550,289,350,562,27,2.53,32,14,7,2,14,11,51.55,27.09,32.8
348,11012,1166,10.59,100,833,233,625,334,371,664,27,2.32,32,18,9,1,19,7,53.6,28.64,31.82
349,8933,1201,13.44,108,884,209,608,298,364,550,30,2.5,43,28,7,1,18,11,50.62,24.81,30.31
350,7714,2310,29.95,184,1651,475,1245,623,741,1229,52,2.25,57,30,15,4,35,13,53.9,26.97,32.08
351,7381,606,8.21,57,428,121,324,153,196,319,13,2.15,20,12,3,0,5,8,53.47,25.25,32.34
352,7231,329,4.55,32,235,62,158,91,96,166,8,2.43,10,5,1,2,4,2,48.02,27.66,29.18
353,6511,880,13.52,62,656,162,459,235,311,469,23,2.61,37,25,3,1,12,10,52.16,26.7,35.34
354,5264,596,11.32,57,429,110,294,159,193,327,15,2.52,27,17,1,0,10,5,49.33,26.68,32.38
355,4049,1075,26.55,94,759,222,578,284,336,570,25,2.33,36,22,5,0,15,10,53.77,26.42,31.26
356,3567,861,24.14,71,641,149,447,244,290,467,18,2.09,30,25,3,1,9,8,51.92,28.34,33.68
357,4054,699,17.24,66,503,130,380,193,218,368,19,2.72,21,7,5,1,12,6,54.36,27.61,31.19
358,4921,286,5.81,24,202,60,145,65,84,137,9,3.15,10,6,3,1,5,3,50.7,22.73,29.37
359,4950,100,2.02,10,75,15,48,23,30,36,3,3.0,5,2,0,0,2,1,48.0,23.0,30.0
360,3166,101,3.19,10,70,21,56,31,31,57,2,1.98,3,4,1,0,1,1,55.45,30.69,30.69
361,2823,54,1.91,4,38,12,26,19,21,34,1,1.85,0,0,1,0,1,0,48.15,35.19,38.89
362,5234,610,11.65,44,444,122,318,162,194,319,11,1.8,16,8,1,0,6,5,52.13,26.56,31.8
363,7202,482,6.69,45,351,86,252,115,157,227,12,2.49,18,9,1,2,6,4,52.28,23.86,32.57
364,8960,617,6.89,58,454,105,294,165,200,296,13,2.11,13,6,4,0,8,5,47.65,26.74,32.41
365,10410,930,8.93,91,662,177,469,261,285,455,25,2.69,34,22,5,2,16,7,50.43,28.06,30.65
366,11132,1158,10.4,113,816,229,606,315,400,645,23,1.99,34,15,0,3,16,4,52.33,27.2,34.54
367,10729,242,2.26,24,172,46,117,67,74,118,5,2.07,7,2,0,0,2,3,48.35,27.69,30.58
368,9530,852,8.94,91,608,153,403,232,244,407,22,2.58,39,28,1,1,8,13,47.3,27.23,28.64
369,8125,2551,31.4,230,1839,482,1305,669,786,1287,53,2.08,78,48,9,2,21,30,51.16,26.23,30.81
370,7194,312,4.34,32,210,70,165,89,95,166,8,2.56,12,7,1,0,5,3,52.88,28.53,30.45
371,6849,2201,32.14,172,1579,450,1168,581,732,1217,57,2.59,74,44,15,2,26,29,53.07,26.4,33.26
372,6702,883,13.18,57,637,189,461,234,287,466,13,1.47,21,13,1,0,6,7,52.21,26.5,32.5
373,6238,808,12.95,71,589,148,426,203,274,425,15,1.86,21,12,2,1,6,8,52.72,25.12,33.91
374,5204,2245,43.14,183,1635,427,1171,553,709,1113,54,2.41,80,50,8,3,28,23,52.16,24.63,31.58
375,4020,2420,60.2,201,1764,455,1237,634,783,1229,56,2.31,82,47,7,2,32,22,51.12,26.2,32.36
376,3293,2237,67.93,184,1618,435,1166,588,711,1121,57,2.55,88,53,8,0,31,26,52.12,26.29,31.78
377,3391,730,21.53,65,523,142,375,199,239,385,19,2.6,26,16,5,1,10,8,51.37,27.26,32.74
378,3914,286,7.31,26,196,64,157,82,83,172,3,1.05,5,4,0,0,2,1,54.9,28.67,29.02
379,3823,116,3.03,8,80,28,68,36,33,76,4,3.45,7,5,0,0,3,1,58.62,31.03,28.45
380,2447,98,4.0,8,68,22,57,30,36,71,2,2.04,2,1,1,0,2,0,58.16,30.61,36.73
381,1508,0,0.0,0,0,0,0,0,0,0,0,0,0,0,0,0,0,0,0,0,0
382,2829,92,3.25,6,60,26,47,26,34,58,4,4.35,5,5,2,0,3,1,51.09,28.26,36.96
383,3907,875,22.4,86,634,155,424,234,257,399,12,1.37,21,17,2,1,4,7,48.46,26.74,29.37
384,4846,589,12.15,58,430,101,315,161,189,302,15,2.55,29,27,1,0,9,6,53.48,27.33,32.09
385,5619,1131,20.13,96,832,203,598,282,353,542,21,1.86,28,10,3,1,13,7,52.87,24.93,31.21
386,6033,434,7.19,33,305,96,242,121,154,256,7,1.61,13,10,0,0,3,4,55.76,27.88,35.48
387,5971,727,12.18,72,517,138,379,188,232,361,7,0.96,11,7,1,0,3,4,52.13,25.86,31.91
388,5524,75,1.36,3,63,9,38,17,26,41,2,2.67,2,0,0,0,2,0,50.67,22.67,34.67
389,4949,735,14.85,55,556,124,383,168,215,318,25,3.4,31,14,4,3,14,8,52.11,22.86,29.25
390,4420,3664,82.9,318,2644,702,1895,967,1185,1809,81,2.21,107,60,16,5,44,32,51.72,26.39,32.34
391,4154,1959,47.16,176,1413,370,1010,546,630,1028,57,2.91,86,58,9,4,30,23,51.56,27.87,32.16
392,4066,1658,40.78,144,1200,314,854,434,534,839,32,1.93,55,42,3,5,12,15,51.51,26.18,32.21
393,3853,823,21.36,77,601,145,423,202,280,403,20,2.43,35,27,2,1,8,11,51.4,24.54,34.02
394,3338,645,19.32,64,455,126,344,184,226,375,17,2.64,24,13,2,2,9,6,53.33,28.53,35.04
395,2559,372,14.54,25,276,71,191,103,125,209,4,1.08,6,5,1,0,4,0,51.34,27.69,33.6
396,2006,357,17.8,31,256,70,201,93,98,177,6,1.68,11,10,1,0,3,3,56.3,26.05,27.45
397,1930,1558,80.73,138,1124,296,813,434,488,809,35,2.25,58,34,1,2,16,17,52.18,27.86,31.32
398,2120,516,24.34,49,356,111,266,154,163,264,10,1.94,16,11,1,0,8,2,51.55,29.84,31.59
399,2044,66,3.23,4,49,13,35,20,22,44,4,6.06,7,5,0,0,3,1,53.03,30.3,33.33
400,1295,1,0.08,0,1,0,0,0,1,0,0,0.0,0,0,0,0,0,0,0.0,0.0,100.0
